water_level_distance,water_opacity,expected_precipitation,flood
36.456765769757766,67.55564043872778,38.76488054556471,0.0
66.4412031998898,15.988954546198608,62.34059581594401,0.0
49.6297372801522,39.46688548662643,36.98132559871766,0.0
45.58060800933554,126.6535624109424,0.7841590771916818,0.0
83.38043050578786,123.75741152700931,58.37727805141116,0.0
56.823039496332875,117.35782260874102,54.302458395766315,0.0
80.07985977165377,57.5749427899566,97.85254683891405,0.0
45.056452349588064,72.30615871681238,90.17740285462287,0.0
36.36031504004403,29.41465691075894,20.347274249759582,0.0
55.43157674390747,123.31547409003382,58.29260568042631,0.0
28.84578142088199,74.72935746797084,5.1135381442100725,0.0
36.399505568430186,141.69213292110348,5.764758219902488,0.0
15.737309418182448,59.79945416584697,0.992382112783563,0.0
64.2322975617778,96.12394720353093,12.020722912057625,0.0
67.54724581151342,6.8473118253575604,88.25598767723473,0.0
79.06768954235402,75.78101603649573,24.755977027988642,0.0
65.82063894086093,5.901531100276447,38.420671298580025,0.0
62.77184917554748,6.292683514745439,72.88614422699469,0.0
48.078802005507,81.81478041103583,95.1423220845566,0.0
49.730055505241324,98.80616632513141,63.6401370183407,0.0
32.05491257028337,80.37415267096219,68.70192665032427,0.0
25.085224425760238,67.3040433933796,37.53299079196019,0.0
39.654230997992556,66.04851275525235,73.87231507265663,0.0
62.5669101852856,103.50073362309986,96.40784164901082,1.0
57.98272228704142,73.13567905100764,5.1835799119729025,0.0
40.56136268421133,9.040108543434128,69.2532431537108,0.0
56.4816793878959,51.89024888204444,67.86699566725648,0.0
13.902357986709617,18.207962723910963,22.867677960360876,0.0
33.830127942136244,24.528580887753414,82.24223736682784,0.0
48.809492878764,61.65427047100571,29.95656779538739,0.0
55.194450034429636,96.58563803116961,32.16699896595486,0.0
75.5532979157685,33.998460334048204,74.86452341262,0.0
39.93048691767601,144.76780446540684,90.00831830164807,1.0
29.967599802101688,91.61701066136524,6.697361202527152,0.0
42.7806766836184,109.19089604606478,5.166872165796111,0.0
39.7756864713763,0.48273954064180224,71.26213330985128,0.0
25.994071858884475,106.3569392583649,65.85405156700548,1.0
65.41730387773933,126.10545420168,41.94479939573136,0.0
66.81287097977449,35.615020256220944,62.842645661458704,0.0
55.120594686277514,69.58987300325043,75.09397983633183,0.0
61.53113926111533,133.81270334103516,80.69654908839937,1.0
56.76992814988828,88.55215356881594,49.75398521461022,0.0
51.114498245773895,119.12959969156263,37.09410081577652,0.0
42.81415818425881,45.59196018610857,24.99569463976212,0.0
56.673242105738964,148.77149270240452,83.5825927910516,1.0
18.986731378677348,0.7409971401614424,11.613896020052561,0.0
35.38139920116162,48.765602314754844,40.967105337599264,0.0
47.397138912646305,100.42304327972852,10.189238806601352,0.0
77.07744748330825,21.956098824337367,46.409515945350385,0.0
35.60311583210583,69.39344351089744,7.100766453325546,0.0
28.753925725477902,95.86799067232505,31.396671737735282,0.0
10.248621707982146,130.6124851908767,27.538117425541852,0.0
51.184368680289765,33.09179290668169,69.72093819096368,0.0
80.04714104192055,45.938043117991754,74.7444406596694,0.0
56.14599041753219,15.61644740762495,52.016989231075115,0.0
39.062821175192155,63.1872079941108,86.16909037873452,0.0
45.22103906267181,26.11640030011265,47.690010646797,0.0
54.64507394322007,102.48720424344687,34.244797883471335,0.0
57.54423750129042,36.284074238825845,1.912896643728701,0.0
41.4623786010516,9.728039172445252,39.319520102792225,0.0
100.53864851747244,41.891413268161564,66.42193849889682,0.0
68.71356786294922,44.80883603831596,38.43550385241349,0.0
49.67154207854496,34.07693355352723,7.049194564314465,0.0
40.68540492859486,120.25921246046877,61.70665161178013,1.0
60.38693028482345,83.07033610685644,82.21798868164232,0.0
56.854506927554084,100.38003944071177,60.56378893234115,1.0
20.428275084403168,109.92023171493759,78.03655030068816,1.0
87.31549022289514,130.33574767180772,55.77088262500439,0.0
59.95996582490899,139.58928219658745,65.16397604772766,1.0
57.706347594576734,55.98776874440101,20.322309108608728,0.0
18.867416529521925,39.2558525603859,67.2702994208898,0.0
61.39534560464408,131.8468350423401,33.720657556575205,0.0
38.754249415180546,134.22249840907915,87.42225246851758,1.0
60.09974557960914,27.21575215434404,75.34279222569691,0.0
77.11275717609902,117.56876767280959,3.757109039890738,0.0
59.78749122455836,126.29003501877129,97.02571097260571,1.0
40.139981306823344,60.64781521564382,68.26172212234025,0.0
51.835215530710045,37.08466116047656,67.29666223944324,0.0
53.961695215357096,149.75212670894246,92.09945210965759,1.0
81.58425631014782,7.795692547720861,51.26677259564164,0.0
60.59608355830566,139.21254604890746,76.1007923495392,1.0
79.31297537843108,78.96039914041698,27.47315255195195,0.0
52.34654766617564,48.50573431732811,5.4332034822903825,0.0
73.38591180891345,99.74773552139929,78.92928483196856,0.0
45.38130939582644,118.29224470086096,75.9005282521931,1.0
36.947520413952184,76.8545666318686,68.86316293078755,0.0
48.35697643214863,14.07859272350343,53.25040664159818,0.0
36.37896685050238,105.39506596282745,56.06782949389499,0.0
86.62917531708707,114.72147013544932,40.42897472548691,0.0
41.76246067755065,122.39204084529258,24.03989128935069,0.0
93.2650944661092,137.7114828298726,83.79083748518036,1.0
63.00402355917322,11.845374328624292,61.63004859257241,0.0
42.15783693735685,35.40756950196959,37.45528870201213,0.0
33.68379430069123,61.03619410843059,3.945953289089932,0.0
62.21171490567646,115.80187144649855,94.47362587830797,1.0
57.422917467426174,141.46137566170614,57.712258603832076,0.0
69.10284641002477,38.97198131175513,14.696270958820968,0.0
21.384497957639038,94.6961329637983,6.904590631459973,0.0
57.23272050095268,109.96695336229214,57.71998867345508,0.0
69.008476763721,19.878700911277264,33.73455467690927,0.0
48.678404027053666,119.80712874818619,42.87020209864336,0.0
101.2016907653759,97.64602007264313,7.558361385406698,0.0
51.35056409375848,12.244497304588437,42.18281785388314,0.0
57.140309719300944,103.86542269865545,82.25347943841967,1.0
50.420076832655184,97.63160535707912,0.3819922658583108,0.0
41.07633133570441,15.63372042125215,25.327238352271507,0.0
35.39266736565727,42.73093529428842,21.070496386720315,0.0
33.38099767177924,116.19802967717727,97.73079079915037,1.0
30.36982697904098,87.99126947632112,40.510269452756646,0.0
67.15319246404039,117.30421315055789,43.272913601970465,0.0
40.610512281300956,106.35907791763746,93.17537194328163,1.0
45.09223767994259,149.9120588656,62.06604798245841,1.0
31.46139056843834,91.64714832764876,52.25765993367452,0.0
78.1869488037116,92.2947037604703,1.3745554011345251,0.0
52.187895892097856,149.4501506440871,72.93447940879963,1.0
87.93585965307895,98.6767956904554,56.93773611822828,0.0
73.58594368127653,8.724569325821369,0.1353625715468154,0.0
44.54552860504659,50.13574780440912,60.15538792998241,0.0
45.83755499285449,104.27168310713907,7.177580622651303,0.0
55.61983735470065,148.1678280322331,58.58647884535192,0.0
66.45089824206377,83.30453264064468,25.760722033372186,0.0
39.72266165326613,62.423099726964224,62.241364156599666,0.0
62.41344195101356,130.58676375690104,86.60956336116915,1.0
30.207903594828384,92.9384006189761,81.6779466505636,0.0
66.40964362394729,130.6806723394578,35.68859751711102,0.0
54.87601427542398,100.17070248396098,39.10328691273987,0.0
62.97419775179286,136.07925460587447,91.37884438732593,1.0
64.76933159990821,29.93136763937177,45.6236508955542,0.0
65.17938440986535,107.71846143397416,88.34647629860606,1.0
12.209185381089384,57.67669914672188,0.9978776658449373,0.0
83.92912736580077,113.90973936269455,83.28303767882711,1.0
42.2937280627648,14.35718332802426,64.0476042175844,0.0
47.82479703086285,59.54722756114251,21.199405469865805,0.0
78.05588621872198,67.8298542425153,3.095579091934353,0.0
73.35564123319614,133.03873503139042,56.40740288335178,0.0
42.57118268008417,3.9295062798097193,49.62587528823615,0.0
80.95010402660122,67.5526468358119,82.47432373470076,0.0
42.74322879120682,132.36245526110082,21.440648299316457,0.0
39.380060899963645,123.24553465657075,36.84489199165789,0.0
53.32904416426112,122.85952707924841,37.11129384301278,0.0
66.60671633088491,24.010745243185948,6.90075926128163,0.0
52.27034690502496,3.5457879069504594,97.89811151748088,0.0
67.99199750866501,19.259143418118786,55.25009674078891,0.0
66.46341167923829,84.09901416242563,7.845581631712395,0.0
80.46059712816052,105.97135897303518,33.88606493387516,0.0
37.24520031497368,70.6751848399222,26.885351438219352,0.0
51.16417436892,90.51728900720668,51.12754622007512,0.0
69.65381967891028,145.80079944473056,10.137289755315916,0.0
93.79605866435344,118.5045654460592,89.02150026361744,1.0
93.80911251619958,76.08522130325886,2.335209632818591,0.0
66.67844309097808,69.58970652184992,20.263263413534315,0.0
38.01214709111956,60.44702681477422,5.8091952080349785,0.0
49.305764605895135,40.462441727548445,48.55896996593978,0.0
71.61561451109243,9.780688689073807,88.29938248297731,0.0
92.66066749312533,34.79206441739631,12.292067846538757,0.0
56.22500309087072,143.30020297558923,45.966487040266124,0.0
33.21564953554723,65.79231287843857,61.25734683448192,0.0
23.03629155788574,3.273509516323425,6.835320030995861,0.0
79.50712433899105,123.91014453787926,50.04011457102012,0.0
3.9615767052883015,71.40271940531498,24.189329411288917,1.0
32.03170657303284,138.41357857700916,12.436839900051023,0.0
34.89234135293355,17.215330780382622,40.36010023615913,0.0
-14.825346801381457,125.97919543000805,7.686207527616351,0.0
72.98546652571352,9.340965882282843,29.729079030733363,0.0
70.64930521102293,94.97270633910335,6.600984414024158,0.0
15.501643349739346,12.017226957701272,50.74119387178089,0.0
21.505036275730866,9.05281259858457,41.102107526554576,0.0
49.088279672890046,128.3544140756309,70.21460961818295,1.0
49.0457728771604,10.639832420066014,79.155820259137,0.0
61.903140508738275,99.27587847740679,27.039328638452552,0.0
24.465028483593812,57.06300112613435,25.310153917960875,0.0
61.195808958620795,4.075113183833973,73.65352283347926,0.0
58.87638856292457,34.21196579233987,7.231647525793861,0.0
82.89935427002567,68.917015260898,7.623921797356448,0.0
40.29272904341793,29.366697852531914,62.659251109321026,0.0
37.744226190312276,97.67213773225112,44.391945450637785,0.0
50.20466122039174,67.76515181058437,92.92280536318539,0.0
31.01202222336114,68.74509622929847,20.53329387067998,0.0
56.483327049768846,49.95028695872969,31.627014972930677,0.0
69.26752258488644,59.07966084812377,99.38483888996981,0.0
50.104873994363665,144.46726673837608,77.39913781527625,1.0
51.481895608395504,93.58437544374577,47.38098283979466,0.0
8.53219535183701,54.33531624784326,56.20727944025711,1.0
71.30960750130703,22.81564248334093,87.74700466544819,0.0
40.21121114963556,104.12258602647465,81.41256855911618,1.0
53.63732510116991,103.3327953075136,33.15646990671938,0.0
26.04244214822303,120.23056678244843,29.05045056714204,0.0
65.13977233290704,92.39781753902686,53.90945527360087,0.0
60.14548062214595,114.90971648029539,35.3789158736436,0.0
31.202404273452895,1.654689664297082,14.08029488926761,0.0
52.28455297324079,135.96561800166165,30.67765995221412,0.0
75.33822298373245,122.87832891401852,80.82352100092221,1.0
69.4510889925346,49.53225973072463,67.60262880525475,0.0
67.44641273441357,130.20850351611756,71.32068832826177,1.0
40.44685106469767,37.00182967824345,40.941207181701834,0.0
59.183601584568734,136.383030879234,58.758587110940184,0.0
43.146248118393025,50.176693311289824,94.70906671085191,0.0
50.27858583825893,89.73379410956082,71.43266357349975,0.0
52.562088298215784,88.75457434594882,47.42550209769536,0.0
63.131072172676596,139.64230432604666,13.91967013456955,0.0
88.18833280940261,10.812650399801004,62.234326461724606,0.0
45.308257332497064,124.33250488239142,34.58774607378574,0.0
23.590867738314472,66.56253289568568,83.36499619375856,1.0
1.5224134674208685,97.83363893182087,53.56565993475786,1.0
44.900455651582895,125.97034284534259,33.56104542698427,0.0
50.94797342632828,90.28223844544831,66.24340117010681,0.0
37.99566245682411,129.41956163148427,47.64369863437916,0.0
56.52266044484236,91.53377242164619,55.27070757185453,0.0
35.93647149748225,76.87539731554975,9.206698608247542,0.0
38.012499540924544,20.274943373223415,31.18638579168832,0.0
49.01072580695134,11.910987696454429,74.2881493667939,0.0
54.64099874715273,126.3049941564632,10.536492225085647,0.0
45.72022311548982,133.5387079526703,61.678360785254114,1.0
31.61151531532394,68.21097834507887,60.294287647946156,0.0
34.14958523134599,27.172402430202048,74.04761319535191,0.0
49.2088969228669,30.564968869153365,39.903531764243475,0.0
36.93341534852576,38.484417555204566,61.360411423745845,0.0
64.8652818804543,99.56845292633837,78.37598424841073,0.0
53.006035229237554,20.886805667639273,35.29585034523566,0.0
65.6364574355462,14.085107368412759,54.1704812410004,0.0
54.47575903277797,128.36058883586796,16.046261427122644,0.0
81.01000985628154,83.96335254575739,93.27105081327613,0.0
53.07450211891056,10.979388565266547,38.65405068230279,0.0
59.47184861270363,130.18774417800333,88.84036723086813,1.0
21.75392597329417,96.53665427947874,13.148911989798162,0.0
32.878323481822655,69.23362116296849,94.07845205031079,0.0
91.84774551370921,109.59757653588692,31.334791758514314,0.0
40.78722458080425,130.24087581125707,8.018001408190345,0.0
52.21845179419732,23.93170201697825,71.40326444668564,0.0
30.448895104028978,3.141744154636922,16.26997438085659,0.0
23.11098977931446,95.20069098809122,67.28716685980798,0.0
71.9755370397438,120.05347617335424,27.616955782089946,0.0
80.59100638921228,72.14593348291857,98.48584027624759,0.0
60.08093031035689,20.56645585934986,63.59547071637285,0.0
45.01927920887243,117.75248157555853,27.4703815047892,0.0
34.190510891093766,132.92936706976118,74.18963269587151,1.0
24.782320913299095,120.89888246627372,7.764933467160507,0.0
45.58071652340672,21.003614632997653,46.63097561401701,0.0
29.87965237000596,69.78084184255772,78.89324717760073,0.0
26.17393005594703,4.558058954525529,58.0467600993696,0.0
17.449151242336747,92.25194520583,63.43636888716871,0.0
78.93955768707465,41.53567310667134,58.945398948469716,0.0
75.56903725214598,57.06008234556145,39.27307432714162,0.0
25.71622774424536,9.021351390117783,89.18721448107347,1.0
50.97043255889654,52.45548446187743,52.14596387214719,0.0
55.59937252639641,49.03974245071186,30.419871963628086,0.0
64.92507132054442,6.303701275710793,85.88167711681547,0.0
37.503628446086424,33.79753949268526,6.750254668382194,0.0
24.200782005178922,101.47019058395433,70.93208284726096,1.0
64.1550387091095,30.20456732039616,1.5110684214475034,0.0
60.28877668117498,15.849702639261587,80.71555373648826,0.0
48.45796581171792,130.61301755058886,47.554603748682666,0.0
44.01985299068265,73.84167846720521,42.99310773901481,0.0
24.40846066528597,22.687024310240183,98.0368740942185,1.0
45.60656224324976,66.79578825039982,30.63134987782127,0.0
79.92088622978366,30.37208402478561,5.4634420000972295,0.0
31.556693516447492,28.20371019231242,28.24724263700037,0.0
54.54919869208259,46.189491238678634,38.55119047369223,0.0
48.01648272441234,35.92652548643072,55.68784431720959,0.0
29.743377593311525,82.13885642306043,49.35465803401187,0.0
37.76964394016103,129.02095400241524,73.78849848346061,1.0
22.802877180401616,63.38226424679169,19.38630679368927,0.0
73.18659606728497,74.46917285329496,50.479559830452814,0.0
69.18541652170414,122.61745627367874,31.562734376335,0.0
50.102269132849216,50.55047646469294,89.00970351838083,0.0
87.64048992950067,58.7288547266744,42.262919701360914,0.0
45.48447399026929,109.73842826329978,39.45760755976464,0.0
60.30095372612096,57.02934281787856,20.04745155284028,0.0
60.35318040938246,127.59240867617068,17.936468201221047,0.0
56.75205324150404,42.88601838587402,65.66310737078761,0.0
85.30908480562194,144.43903128563696,8.860471396967906,0.0
63.637829792526226,45.796601504509695,11.043186341110268,0.0
45.1934920368373,68.7280330106839,70.48710100433817,0.0
77.37263115064698,18.207740913364333,78.3198413298626,0.0
85.89115727035576,10.446172224360861,26.023659798522935,0.0
42.29835439167367,55.6558144476904,36.1919990837865,0.0
49.196840987113134,91.0634368078131,79.27581135728128,0.0
50.57489645869635,81.99723302816827,10.25679625835898,0.0
67.3921184021132,53.30768530286091,42.52281854376939,0.0
79.02287215590084,17.454959682821414,73.85974581323308,0.0
34.81734676892604,51.91495898066783,26.75926767279715,0.0
81.86373253278794,104.34272197452103,32.52951340230311,0.0
48.511331417999074,131.93727824272938,59.76682827027031,0.0
41.114134798477764,83.26274239534294,15.159507480009937,0.0
46.88645529215841,29.620573478990597,25.100138326230027,0.0
22.446612640858177,77.86226777043271,82.7518922106303,1.0
46.30195727114022,98.54327344007093,86.52957589089124,0.0
53.49155625663678,110.46030225984607,31.12174950633936,0.0
54.16765615895105,145.7299036351576,38.782608991693124,0.0
44.166125004134464,50.534368765666024,95.5060511484989,0.0
46.839842028420215,96.34882888578412,75.42482596820807,0.0
40.25749232470608,110.62625391885105,90.78987937796194,1.0
67.04866669592448,18.28291400054213,83.41445970006758,0.0
54.220349344052366,67.460976367581,90.60870604812605,0.0
33.20556315638448,12.137892457687826,36.77859877561529,0.0
32.32285127597734,34.09044408947272,76.17981913776973,0.0
33.420099781558555,41.12409998397088,27.140938044671437,0.0
9.21535644479799,149.50452807794653,22.82353634936991,1.0
54.17727190009511,34.26821119969481,60.37954529493877,0.0
21.038313170053517,78.14369659080633,78.18238633449356,0.0
38.487243475244526,69.34433415009109,60.363720055937506,0.0
46.80122940073146,106.31170466144647,45.7699605159294,0.0
45.646375935455595,10.141884538832235,4.6851908527603126,0.0
55.7173078144981,52.85624199144816,30.1046077834313,0.0
71.66102486350553,56.96786702688447,98.07393435834294,0.0
86.93414651472068,31.89665645566442,28.918744629594983,0.0
35.45725648350263,30.732191122606885,31.290739421364822,0.0
62.64815478111042,24.705953014844383,25.089304569110247,0.0
47.70527117066202,102.16767809474742,14.285028730083859,0.0
81.31048058468681,1.8606054415972184,16.57481769652207,0.0
30.70153078839791,45.49127213513933,78.03761235709804,0.0
55.00985700691753,103.89389283392468,25.933489731709447,0.0
62.4823963410431,26.295441353648947,37.73180539631929,0.0
45.02071703041853,147.55183878951203,84.70608269838995,1.0
36.005489840148286,16.460429801625526,70.77213502675275,0.0
39.204806393812774,62.81899786112421,5.658565614671563,0.0
40.42502756673045,104.38486772532036,43.402097270875885,0.0
64.94587210246523,12.84873743946458,28.42740929275167,0.0
41.838492539568975,98.42427565216073,28.247874397702667,0.0
48.889046022067625,132.99063228607,78.51895431484084,1.0
63.496389843332075,109.72447355105436,73.79173933540254,1.0
80.067966035343,70.87400325097704,85.49740195614743,0.0
51.92241553881967,119.6871239423841,0.8319942227192012,0.0
29.575343657385737,135.4342492787981,24.535231416621105,0.0
80.65477826005156,45.82864659870353,85.03480011198954,0.0
72.34591663176255,136.44402291548886,11.539464217891737,0.0
63.63001394745249,78.4994446792112,83.98016066644267,0.0
66.99204194042049,107.63966484872644,71.39526325065899,1.0
75.11512251147042,118.98920256573817,25.871164215544095,0.0
17.871073594848554,38.20059330690768,44.554163874189086,0.0
52.31349268585717,68.97006356539802,37.17392949063303,0.0
59.47665841823575,85.59146199582445,34.72770390305075,0.0
77.12480057141646,31.599328350849987,42.2034260127639,0.0
61.67856370651928,4.978403184363933,30.980687532246897,0.0
34.03405510923093,18.93971123467541,10.539321810780521,0.0
42.24596880128032,93.13928512176467,2.1913328775008956,0.0
28.582150038777755,119.67204732879517,12.48208139668483,0.0
66.54366498072048,110.76738138769898,96.40288471655137,1.0
68.30804235404148,145.41184835029313,91.66352358412072,1.0
41.58031038359474,37.83615302600424,50.595790773493164,0.0
47.85939280090884,1.818116196583991,25.990497924283286,0.0
44.377994142280905,42.102482327396146,87.73504531328386,0.0
65.74169207484904,101.47700786658697,62.62343214210638,1.0
55.53381598660038,85.05243914800018,22.77497361032096,0.0
19.317716585287556,92.93819323467444,1.755236336662891,0.0
59.13506438307568,124.39301989751333,11.720390568023342,0.0
39.79967202290506,60.22414737919324,69.36180574737952,0.0
26.3348297466845,76.41331922246846,6.569485895436578,0.0
73.17191158014808,32.35127285965758,48.889783179245136,0.0
46.320333272946414,84.02522751927629,43.276687959926264,0.0
53.73533528954157,78.50863670615496,11.33035047274642,0.0
81.72033632290704,91.06410541331711,35.78140841135489,0.0
90.20409077532699,146.86574070227317,49.10957293831652,0.0
45.31693250553328,4.737921723846306,80.25856795798128,0.0
56.928964189939514,125.71729344721653,19.462383670487192,0.0
26.832706216149145,54.27796398077081,18.34421964034345,0.0
62.15793019433079,2.700983340068175,17.925325573928074,0.0
60.85120087171929,130.64536856191285,39.70150412371917,0.0
63.242613490420936,96.29572506648991,60.34930960433786,0.0
39.679105435652524,95.18736263254556,10.189310087293679,0.0
24.39141295007434,135.9381870781555,25.046789879249896,0.0
19.48949658150522,87.42102526252344,54.090500383808084,0.0
48.55979756839332,93.44498753452241,29.504070765415623,0.0
37.546009603588125,20.46596288350997,62.47838627894025,0.0
39.11234550949635,37.065485101521965,90.76110025565549,0.0
34.142543354753116,32.28028080258562,67.4130295536063,0.0
76.14285508564856,105.702114410497,34.03871042545057,0.0
62.12019902691279,37.04681986079997,79.66813971913723,0.0
70.1258561842888,121.76546821352063,39.783662550215695,0.0
49.34493459568003,95.42660470623491,27.4071589342191,0.0
54.06927271734446,126.1307369138884,20.918546540792782,0.0
49.84054717366765,95.5004523250811,96.06269755131997,0.0
34.539804322890674,127.71374366176437,29.53014775718328,0.0
89.29450265832779,143.936496648155,46.99882681579366,0.0
55.922405541291525,25.46368576313111,43.05293384622075,0.0
35.91312618914482,8.558208172688147,29.004553196243688,0.0
54.15375374326222,98.51701570864411,1.5394891691308477,0.0
81.59144291461425,145.06899228887556,6.252629574284574,0.0
25.243690023463017,82.0046119071105,64.78174459905284,0.0
47.15241029957413,75.92127942603662,1.6947664889580993,0.0
64.21919936406982,20.021995862391567,54.64303160778473,0.0
60.77820087369317,110.61506530822284,98.1143731791822,1.0
19.536261904324505,81.10477149673655,16.13628010553837,0.0
68.35723894109552,82.53398132343926,40.75430310324308,0.0
64.28000988184183,18.031358305591265,87.7090581018189,0.0
79.55788089483032,53.885005409964855,44.64195164015822,0.0
21.866778063035554,108.42214548127257,70.45544280274453,1.0
0.5671099974542102,55.825053575626995,39.245818622948,1.0
28.44510444141388,15.213124267382478,35.87155254170135,0.0
46.77428576667982,25.05628618514248,34.060416658129164,0.0
71.06305706665808,144.67149808512175,95.75810150838173,1.0
72.17407161165815,140.7457227672724,53.55538148796726,0.0
43.844435300939985,42.00559943257341,85.87642793494722,0.0
51.547366152952364,9.997806084103495,95.14298103618323,0.0
16.61189437757257,44.31671662161304,49.88956645359419,0.0
33.58635363296579,98.83282053489857,40.177880065432426,0.0
32.107853955609926,47.514251560129,43.44033190066098,0.0
43.809071213720195,23.836225150403035,80.00034817636814,0.0
41.69424172198397,76.25408203744199,20.468010905728395,0.0
63.02782502611596,114.73248923131924,89.30902051954149,1.0
86.24897115993858,117.94172990760497,26.74020278575413,0.0
67.31510388340243,78.77450755005903,76.8922782107641,0.0
34.062094890590465,64.8115324416294,75.42649733470228,0.0
38.21270486111577,64.22994223884221,24.193168031552958,0.0
72.85645629030041,79.6754292001548,50.545511791044994,0.0
54.71229116217132,75.87790394277435,89.25582274864745,0.0
57.51396036691344,32.882098103706646,30.93727178627821,0.0
70.75079888515799,14.876714938082387,33.21910331156046,0.0
25.26098578243836,100.89031773376894,76.190181260487,1.0
27.405862906847638,50.74012589917476,4.491129899561585,0.0
46.26256711677282,128.57688854981294,72.3447817850001,1.0
34.443666248182495,124.75455655136602,16.3035336931591,0.0
73.78033062215104,124.23738786558276,45.434542306765515,0.0
38.750664482114644,38.793125233205814,96.50153694544719,0.0
95.977962472385,12.519612748407493,24.83762603698002,0.0
27.873300519879436,41.52416958525774,53.39674725477638,0.0
46.15278070437755,30.876181505515238,68.82742357802371,0.0
83.74283270145129,98.9030883308674,85.3784921704667,0.0
49.581968120717036,28.780098707811437,62.95576968917366,0.0
39.8611364925774,139.0501451886443,70.25405015348069,1.0
8.651157999202468,55.163902631593444,96.27683502532061,1.0
62.909683622821504,110.98561811503956,67.69407829968374,1.0
54.27959821468444,82.19392334605395,6.220322616470275,0.0
50.911436798076274,120.45388467489951,0.88632851134689,0.0
27.140594043387537,100.23191978325244,49.23254800011819,0.0
62.85445519735088,77.6169527632562,69.20736470243689,0.0
48.8883065817909,55.19111269531267,22.612533124967193,0.0
91.21495849763974,8.667084149454995,64.64587416379305,0.0
41.58709354469282,37.30714088814449,2.5447759905750877,0.0
54.873744229838245,22.862401999562614,76.1037790250783,0.0
48.91410266964375,106.15214021113736,71.44241640712423,1.0
43.28430601419743,40.47310801923215,78.06317174255571,0.0
28.647591412348113,46.77241996278894,12.555021476265338,0.0
-3.9377328588314313,117.73454656672013,29.65599122059307,1.0
33.555592088671375,59.89738737139622,96.60475051286772,0.0
69.08003526986406,91.1857639190167,84.69688542070605,0.0
48.99523781101726,27.779335180120192,16.16714362369619,0.0
35.03026926886893,9.202444066600224,51.79605277125789,0.0
60.8672038475987,115.38347217572004,1.2103116776107425,0.0
68.76567611951995,86.63900488217362,97.70069544389435,0.0
79.59888277780053,92.09003771400927,19.692570445342838,0.0
43.14570966946461,92.5717479906045,64.58223862864843,0.0
66.27034434739339,20.947688213446934,96.1135485407593,0.0
37.252257453869646,74.13186708754499,78.73870267523328,0.0
70.6368907893727,21.106729207313762,63.76882468959355,0.0
53.42736562379941,102.0342363646937,36.90530217609166,0.0
54.329171791639496,46.09349473894299,95.74480190380962,0.0
87.7237180242106,5.500714040031446,40.9628894895232,0.0
51.93991929985437,149.12090418317513,36.02339188004279,0.0
28.378733448002052,65.52760539227694,71.845394732255,0.0
27.49021905403247,22.333207549866703,30.39425122550273,0.0
64.4334412808647,38.894513829866064,83.89973277180107,0.0
78.83137241315801,33.69234177657779,37.17240664023432,0.0
55.783372878156364,106.53641979349673,58.4448909757426,0.0
57.68130897878615,67.46769732319838,99.13279015642206,0.0
45.93909227914015,91.94093737417883,95.09285945025483,0.0
25.382713671320897,4.496038480901693,38.94818949024204,0.0
33.003112610704164,114.1682305564737,7.115828517343282,0.0
13.182515373367096,17.114367733190004,43.2018927594506,0.0
38.82156305456823,14.480170529316123,8.355433751068976,0.0
18.595505602190872,77.9078789255906,61.00074170794857,0.0
39.64777401927657,26.23221557639391,15.949226254135828,0.0
67.79261591246873,134.09845650118055,9.13914863317764,0.0
52.44019629290723,61.764831237676276,7.697946706496628,0.0
54.866788986453834,78.21685335653842,17.169390770544958,0.0
59.93428306022466,25.122387338860463,21.906880910185777,0.0
54.48184963620834,137.90879598216262,21.57406791764541,0.0
53.88179985796615,45.71266430792,11.755130015021997,0.0
34.334934153275256,73.32698703853802,98.40131632104642,0.0
36.96327784395682,146.9955494038276,48.0890146603009,0.0
66.5083269797606,35.056812286564956,70.69764874557161,0.0
81.02303951045046,117.11423791026597,34.80955931682881,0.0
78.80234430898946,90.28851465226974,50.780506395877914,0.0
24.39391202658211,133.84537472094783,21.955392322980195,0.0
49.337460542524056,102.94907950291461,65.5173714524338,1.0
54.477680485582624,108.31064073041055,66.30471918034225,1.0
57.88904284756594,137.83898004593317,10.18036829495369,0.0
44.62222618890339,49.22891304139673,36.92807702155411,0.0
61.215690527364686,69.52410657008585,86.55771456245522,0.0
104.40338333179238,100.13900783453771,86.99691596476849,1.0
72.87508086413858,81.33558082377725,47.63357333010988,0.0
17.85033530877545,30.278017818442255,54.14076073475852,0.0
56.03094684667225,16.787942909659183,14.055296757836079,0.0
62.28333400086851,14.712387117636688,63.09217902291634,0.0
14.425595021914425,111.86006740968482,52.251018108558846,0.0
61.41197337186318,57.29094594793438,35.702934397001215,0.0
70.61999044991902,130.05472441836727,63.60960464095422,1.0
58.268698064474016,83.1339771198025,12.786680122241755,0.0
60.43883131233795,130.2213381566258,44.044135031242405,0.0
80.46248154539315,22.525350122556247,71.17228057460487,0.0
39.38997704778945,22.50729970409764,13.427485090227552,0.0
32.209711407489536,146.5761276331976,39.51377432643186,0.0
50.92873096312297,16.608088998947352,50.313247255154,0.0
76.90840092309955,61.89327612729356,30.293090564042924,0.0
28.378869191834752,116.34177763879912,45.02542461428904,0.0
52.12860455383794,61.485733454443235,34.53419522448878,0.0
50.537716779890616,41.52214616869587,7.569972730978747,0.0
46.193226438327834,102.034166881253,25.954178317609035,0.0
98.91503959233653,45.84063232353223,23.04166621173499,0.0
71.88383036941897,13.948595973469825,90.19401967491501,0.0
56.45437120676179,13.14641201457578,76.75676285179182,0.0
10.958244009549965,58.6358993858272,88.86590802653987,1.0
29.469694011778795,42.22817976223949,0.1992135219070268,0.0
127.05462981309442,59.82341713453507,10.92642103096214,0.0
43.30997528318103,16.031538464211575,76.61159327955862,0.0
47.23471397657631,15.685176050160038,3.672136250082114,0.0
64.51533247797384,55.24642957602725,96.68454997992853,0.0
21.282756976411214,14.330297075200226,28.10044989087136,0.0
70.2874013003626,52.42595581302282,27.631910846585363,0.0
19.696178756028957,56.3832427718654,50.06035711547076,0.0
70.98018451673778,10.343702453463177,30.978785920909925,0.0
29.255076913470873,76.83328812190118,56.95397795671037,0.0
74.02427844327889,116.4671169749587,86.67703545060003,1.0
11.624575694019171,126.62556734537957,36.459372819754,0.0
77.3374853488905,59.171441785505294,67.96203327351078,0.0
31.535335077781916,10.150254285000237,42.272863689393226,0.0
35.997583701216534,16.887058561790553,73.24010490583791,0.0
51.39604169980038,32.510970013616344,22.602899781599973,0.0
55.15100781445528,99.57067914327077,67.71206397350093,0.0
65.83325387925872,143.64379267580702,90.9943143854392,1.0
43.81575248297571,108.78864906227048,87.3698593466345,1.0
73.26327504309918,93.57889870148595,80.34827432968846,0.0
47.44164817038467,103.22020591298133,4.389994264300512,0.0
33.49005606414977,99.7367586730827,0.43632696503090873,0.0
64.16712894598706,127.83958115867722,5.773215922511721,0.0
54.383006553278776,128.75125151986813,74.83558536657398,1.0
36.4721539588146,133.87849349322693,41.9271661166022,0.0
38.58507412501048,26.06423897036157,24.838360874320752,0.0
61.5414425436108,65.91074845416783,91.84264321454087,0.0
102.64764129674782,72.70444306950705,48.303969755889,0.0
37.06854231514947,69.22161969371012,98.11925291641158,0.0
46.964298099288335,89.17145027792596,50.30839507798363,0.0
30.189273497386232,6.2359288575588145,75.62136139501769,0.0
16.902866562684615,84.22268819392856,66.10142542473203,0.0
38.168572223283405,53.249445874790595,31.758679526111667,0.0
19.612600680919734,142.71050133099854,34.88205339694793,0.0
35.63111557495128,13.368664817402493,4.818601239329623,0.0
50.26003783755814,131.77733419520217,90.9454610937242,1.0
66.43805008750448,27.146542906423466,84.56043629899068,0.0
56.83511951554319,96.1458116017998,1.4693388654953843,0.0
58.50915123569929,75.93990892428042,48.50946599795402,0.0
45.317260861016386,140.43183693655348,57.204864336930086,0.0
45.53074429348298,122.67513242625324,27.576756825135696,0.0
41.34883624360758,126.9771508035417,91.8239086675437,1.0
57.546009860897044,109.96069440445122,87.5883083517057,1.0
55.08841686602426,96.8716218982809,35.85784615248732,0.0
48.861087525578654,61.664340390105984,33.40499656687692,0.0
46.657638393662914,100.6098467858751,95.2815017002506,1.0
27.507158163242615,32.40572737643994,26.55828329586061,0.0
48.09408935226096,113.09428553951759,16.036540611974313,0.0
36.461559993880826,148.14743456040867,59.36607912085384,0.0
73.90093257849685,105.55289661911937,51.493334991325945,0.0
49.30630225226437,24.335010867371903,80.50903184956627,0.0
85.10681684886409,104.25528432878298,97.41944438163571,1.0
22.966307887673327,106.1752645844653,34.652416795271826,0.0
63.08731312708115,143.71102201790703,97.30781629723329,1.0
12.584161579482888,147.70046092867622,43.66141897687661,0.0
80.76073132931938,136.35487809984616,55.86423964504254,0.0
51.731795749458,18.225206445137708,78.75490858587793,0.0
51.371259496120544,142.77176781348584,95.59188289553192,1.0
45.95614695132212,77.85896863624056,51.11291392372298,0.0
52.61481154572183,63.56073804731442,29.52904940479433,0.0
48.54342174686254,0.8637990747182356,14.879596940511563,0.0
38.46192688675194,129.30217234089338,1.9327630917601035,0.0
35.693925814800636,72.88076387794885,80.4437207679505,0.0
28.3690399277121,95.58022152124207,79.31428739967394,0.0
17.745682576206967,139.055181719446,72.27069576982285,1.0
40.57923388763354,80.99356954208393,29.805220863944314,0.0
59.4647524914709,81.67336469412743,94.40420938253979,0.0
62.65863635511022,35.98111691339171,64.93223245768817,0.0
56.28494665190548,122.59466549437406,70.22587660316643,1.0
32.832844396375734,127.4963057220993,65.67560634745571,1.0
51.285600381909255,52.74340308594516,29.93955883716812,0.0
73.16221747000135,84.34452238168647,43.381741957652956,0.0
48.21759920974423,62.11946287933905,7.560504061675077,0.0
53.69672247389748,141.85472205004234,28.746166489725013,0.0
10.806597522404488,149.45008740851128,68.65899134926067,1.0
63.72102919996878,15.156871651597005,45.79957590035715,0.0
57.331964921936965,115.39573404620097,19.583308413427,0.0
36.16183860237511,149.3156274286965,69.64298070361072,1.0
85.95373053699045,31.048886765764017,38.94049389788753,0.0
45.26362786519982,2.7348874014542446,51.04324890042322,0.0
64.18007515177024,65.18939412880677,89.56747776187787,0.0
23.595335859587156,90.93794066264661,49.28645844474466,0.0
87.04556369017875,118.45477607137187,0.15651051914729042,0.0
34.73481686914966,30.853089329333265,92.6194068431782,0.0
22.028648523617175,10.68850916478879,98.11778367622945,1.0
78.82546578132231,100.13248489372057,23.238432305604782,0.0
44.60250129413257,120.01064530487392,77.11228158518865,1.0
47.70920309494764,55.13016334372971,96.34992408875883,0.0
39.382624541593586,96.43228650880614,88.16906118435081,0.0
31.913667497911828,79.54531998737374,84.8042089601484,0.0
39.404795924659226,98.51049968119383,31.886681832113883,0.0
71.77901193934733,140.16540402082714,13.443512940812186,0.0
39.54553958961921,143.4921931625187,15.727320817971535,0.0
75.43110189988317,141.10188676730107,2.519341395922936,0.0
58.08101713629077,25.14288244324765,7.171188884765101,0.0
64.25996860344776,120.39649646935656,23.497340499595275,0.0
81.5490655952695,136.61552424658728,61.054675501542455,1.0
40.50109377678088,85.09683294433553,84.59214396777321,0.0
66.25051644788397,136.85450184250365,1.1706610730904066,0.0
55.19765588496847,145.48680691609056,55.37114853580112,0.0
53.91690510195363,109.62314474710946,94.44485826943034,1.0
63.39345097660077,110.0421570842103,22.538126800676583,0.0
39.10161826382101,9.804923634657786,67.40199190587927,0.0
45.0496272889699,131.67451172280613,27.109625376406576,0.0
53.729086295388555,40.893600110030064,1.4315277667059978,0.0
38.67404540794456,22.25148014431333,45.85230088818907,0.0
69.43141901908712,35.87701563238884,2.3594964645529126,0.0
25.04433636070301,35.530583846172306,70.70864772666981,0.0
21.554925808046516,135.26429882031354,84.36496640518237,1.0
30.43254444769936,147.194563574587,64.17343972985582,1.0
30.285479073289125,114.04347346832024,81.11237699334708,1.0
19.70305550628271,54.969230230709684,98.09873781626851,1.0
86.01880865821632,66.50700215687816,1.8124041045729733,0.0
38.79637919606061,11.91290534834799,49.669542281794655,0.0
40.73164614375075,107.11303981986417,8.70927667957715,0.0
48.06573776259215,116.50658354327719,1.2156771477386807,0.0
37.96586775541206,27.317687353304894,82.11982825502265,0.0
70.58311274651288,29.71464491396102,19.899213895943678,0.0
34.65304874223901,131.69614806676043,39.51309076115032,0.0
41.071327708989436,109.00064881054848,22.959816075396866,0.0
21.03972199167512,44.58567115629258,10.534548448133318,0.0
43.57228316694013,119.31749411845938,16.69530887471987,0.0
71.83013703844924,88.16540412932973,70.11698615902597,0.0
65.10782451651512,114.6558993332604,64.06151835488873,1.0
39.96485912830927,58.66223049776411,85.75623376612837,0.0
21.692585158991715,64.6331285492709,15.445974722332378,0.0
25.583127000579555,107.88026674083957,5.952470034777169,0.0
24.97772847229394,20.303112341652827,39.65536819899632,0.0
51.35036962820218,149.22994757546508,29.98005275652359,0.0
38.57642020434406,0.8258698740631232,96.80658120507589,0.0
71.07283593215679,12.258801862016739,26.42762631586393,0.0
23.43627902203139,146.21897432201746,11.448763806590511,0.0
69.51090254244718,131.0134857122491,12.055841640369025,0.0
29.838273781651917,81.75403783454075,58.16222929891936,0.0
24.96921151619112,89.84677622658158,87.05269662693841,1.0
67.12797588646944,104.32008100347933,86.35475225145451,1.0
48.511081684676654,71.19463136247208,60.57792494526903,0.0
33.45538112895354,140.54367345465943,41.6504431903879,0.0
67.44914656560289,27.799526929307167,95.98628027134552,0.0
62.67838044636022,91.55006749663775,82.84692994491171,0.0
29.917184664958643,132.28916374569658,95.14907101767872,1.0
95.41385715608791,84.75329892885242,18.613589775334795,0.0
51.466359343768076,90.52314998946822,54.44969591038651,0.0
39.63459563452705,88.94262771523911,79.83803405183525,0.0
54.9876736742151,43.83273456928467,43.92106012497173,0.0
43.47952935664318,109.27360157424198,17.522177210582733,0.0
44.22682722159723,54.020461120727866,5.2355020187472405,0.0
14.73919689274532,63.8240001672113,66.85726467229141,0.0
39.131504577324705,117.8477427120348,80.7070903866703,1.0
42.96973031917383,140.60820997456784,58.00888346694546,0.0
58.034234441978825,67.08038107572534,65.73534821701286,0.0
57.227912110168276,107.37374470231329,12.300329512374564,0.0
55.221105443597786,77.96609228340265,14.259414408190874,0.0
36.74752482108307,93.69953532813956,0.9038469079292177,0.0
32.774315973434724,77.76120329178062,99.4819293965951,0.0
45.73105696576305,113.29056307452119,36.005046590097834,0.0
53.41730876255884,144.50916513203256,28.5758324592706,0.0
21.397172440787347,41.22090533222041,7.290183536790352,0.0
-3.0193961678602363,85.78084068407799,85.65372237479268,1.0
60.94194762340076,10.413576411914004,0.013469300448532007,0.0
33.83403429289697,45.701870864706116,28.74095964655797,0.0
64.00619758817983,100.35335059936625,96.85373316998923,1.0
41.596263658082854,147.61654785547466,73.27334747861651,1.0
34.52421601792854,114.14861400421408,0.0011634755366141114,0.0
30.482534940453345,81.5307326013969,39.76123785528706,0.0
51.645679785508484,98.14388284874428,19.92703364668008,0.0
16.150707405703614,88.23034004225858,80.66935196947392,1.0
63.72520380749027,36.522344486444894,68.77220424305607,0.0
47.753439006183406,68.15660018399413,14.730304427897034,0.0
36.96799304788366,80.87419150128817,99.78208556819781,0.0
72.71131280361197,80.04038200903177,43.91498166337483,0.0
44.70686333524088,49.054974234485805,53.33866287653626,0.0
49.283479217800966,26.952466330536296,34.316735317265824,0.0
56.95163410723342,7.8386818929035655,33.2456157148712,0.0
76.58305060264863,64.56411154814853,20.62521138361526,0.0
56.57502219319369,38.72001490516913,43.098522051329624,0.0
43.69461510719309,121.94786080741402,6.245759361907144,0.0
62.51334695530012,121.17689129118878,13.065234382346292,0.0
83.30948888925153,91.27909090446998,27.785277608971228,0.0
46.46105545011901,95.12132074436053,92.71106288584274,0.0
20.42956019265145,38.65243327668205,75.11780478084181,0.0
51.986646108584516,12.325750121464102,56.50853124527563,0.0
53.692677170646085,101.0148649987376,15.41450431784871,0.0
15.932351212896904,19.606556511029922,94.27243190941122,1.0
47.48426159800704,53.32395156620361,18.161396775660265,0.0
49.92794921818863,38.158737126277046,45.12941130292549,0.0
24.09842455872768,120.74834995211546,16.732130400106037,0.0
85.09588363968729,37.431929977425916,62.48740996069989,0.0
37.9872262016239,146.37978837286968,82.37903842212947,1.0
65.34869458305818,81.19445029516056,29.348882320812166,0.0
47.11279176152115,139.96699970153364,69.45954272532853,1.0
55.93969346466372,26.572468417107885,30.233324935149376,0.0
40.81278200919512,95.4437030968872,20.707580921085523,0.0
42.308889115403495,112.21097691442982,28.888493890916568,0.0
22.39797083570217,63.91250758355572,95.77898009882038,1.0
54.839245431320684,50.91752888142091,11.38383934766014,0.0
43.44675706804463,68.06843120754588,68.84050184921368,0.0
60.26534866226712,48.77850963370423,58.21987465941139,0.0
59.649448304863704,65.33749722193996,79.42106625494054,0.0
85.91755346191044,112.32395054449597,29.238311041219312,0.0
44.8081729727279,74.73835233951804,95.22217856975946,0.0
53.73218246312716,144.4215535611039,69.39495905101568,1.0
56.6891357997405,126.21713296271399,50.26312426301305,0.0
9.165302631514187,49.70205106545762,80.35376594626034,1.0
26.62643924760936,8.563028413397229,2.7536719869465487,0.0
36.14180809478692,148.68839905532823,80.39585075525203,1.0
23.293112825797976,67.68590162714821,10.590580440375764,0.0
47.68703435223519,10.829761346876376,12.102500048519305,0.0
33.66128658025528,67.05833157096382,50.56341534219588,0.0
93.06364915023113,57.09349402148701,64.48326040223138,0.0
49.46972249101566,120.85052294250798,21.78925542549901,0.0
71.33349379178307,118.26710148799481,82.85555979060814,1.0
50.939611875294844,82.42943038425254,77.2921481876115,0.0
64.35084511591924,92.28291573465164,48.40770697102016,0.0
27.869481825166595,65.1029049260813,93.29248625696721,1.0
14.825210271537713,9.343769719509403,30.29157288331926,0.0
35.95893812245295,145.4731567617817,70.55858626438246,1.0
62.45699864694998,64.8746817495198,97.60138232792136,0.0
57.37346617745803,69.05374068028894,94.11208125336735,0.0
50.5951227899149,118.9281628550759,67.24604980250288,1.0
54.28187488260408,58.28371519055186,58.87315221313199,0.0
65.49268106858673,31.806725986233996,95.51152072917014,0.0
26.075867518386584,88.85254928900433,14.213712379345766,0.0
41.31007545135369,137.2635102610565,9.26254830513672,0.0
55.341005317385175,27.633725885703917,71.40527233781268,0.0
55.40913651559678,99.20559166056216,75.73102071344388,0.0
48.68499477854024,70.31519481967588,89.08555349831467,0.0
62.90751899170295,21.337405303079425,89.85606046748393,0.0
54.899331422174455,148.8725253237563,95.0772707731338,1.0
45.085138718281115,8.78263938659688,26.5326137555467,0.0
53.981193911469404,110.53106174162731,32.1495701247882,0.0
-2.394902081794889,145.70926410624594,65.22916485919397,1.0
44.49896605696712,110.60356160816995,52.96597239456199,0.0
15.796632146867488,134.97500185309087,40.45273855738697,0.0
30.66047713741574,95.1156047064497,33.362839583686565,0.0
9.237509296442923,26.61431542045603,95.04591705752958,1.0
55.86144946597362,74.5762146012641,27.024769213078326,0.0
33.0641256386319,48.687874485040545,46.267560506539354,0.0
61.76634412969153,74.5150288288754,44.93497420396421,0.0
49.24730595150303,5.042040027492395,54.88586650773559,0.0
11.73439510684404,122.22376706197683,34.52231428016921,0.0
86.93273992095331,119.18674180502855,41.57751035233219,0.0
65.1501542009461,73.23617055326673,44.767342541041835,0.0
34.925276712850206,7.231805829083404,20.131210782243325,0.0
51.204604198820526,87.80315465951283,98.80359661555919,0.0
91.50801597290878,69.080924591121,3.892996332566745,0.0
38.526759862395274,96.38477993027873,72.89810616558164,0.0
67.42249406863385,126.29978293350923,3.601881829142639,0.0
76.10957614308658,132.01186313421874,83.93384923560023,1.0
41.06970095865958,59.42590374138831,48.34074359731466,0.0
62.436199244343925,113.51272585329525,70.66298698787095,1.0
99.10600279821789,47.15251697756226,53.83319432557134,0.0
57.60395702011927,147.74844842113126,15.482861259771985,0.0
19.68511770005536,52.19121173732499,6.400634660862092,0.0
86.9791218989069,66.02984969332358,51.38544642067677,0.0
6.023880867598365,44.987866726047706,22.236130474817028,1.0
57.04110793028593,124.70602715785647,41.195809503410196,0.0
41.2053788345165,135.92148821486495,0.9054161580370979,0.0
35.74308434645671,17.750428638508097,19.524060295649203,0.0
59.849025280162984,81.11906324783166,92.07666084633573,0.0
81.29287311628012,35.63149873858165,72.9173487549448,0.0
28.81572956222097,72.20162274529855,78.1321855747305,0.0
39.509594674404525,130.90953757269028,70.3699779629051,1.0
31.83951848957578,67.84774267774502,99.28168389990704,0.0
7.522085513803859,26.0286772479763,11.15122123212764,1.0
38.896009466136036,45.18978911400006,24.153684170168177,0.0
22.413615439709456,101.4266343113151,76.44407280755044,1.0
70.07065795784048,94.73403301387808,48.6000493797603,0.0
32.791732694320956,87.36339873108697,11.850262359815156,0.0
58.25862908551249,139.0766729219179,71.30460506343186,1.0
43.55876967588649,100.02963863191565,28.840543781874572,0.0
61.73714187600541,47.423415746512575,16.002493646319405,0.0
8.361411842325559,40.79245891929465,57.17459831437487,1.0
60.275719018244175,51.18717414392345,95.60471436119332,0.0
38.46457338863335,99.04540795520072,24.734031581908333,0.0
39.958915512947776,7.221425396753017,60.775268309565256,0.0
52.65939348293752,130.9130759349192,71.87396178535302,1.0
48.205286114255465,116.08194835952345,20.431638339897027,0.0
20.288792539260562,30.302350260373494,24.202207998087722,0.0
33.352888537915426,106.80210304961712,70.54608302834863,1.0
61.862025159367676,114.82693484866647,17.925561190779003,0.0
29.949412707243823,45.46925339179929,36.87071708647952,0.0
44.61186331110885,122.09554042590283,24.66036349780246,0.0
99.26484224970572,130.2406920769888,45.40016211961149,0.0
50.70527103943457,73.17810658895436,89.01411373960147,0.0
56.64628023959183,22.803727969297217,77.31418739186715,0.0
58.25561853872996,97.6849465562238,88.0314762148927,0.0
30.424725684353852,30.605345194334827,65.46506868659546,0.0
68.52355095063282,107.44850820940233,7.308156202701499,0.0
62.207405308669294,134.12863119961773,13.382836299969314,0.0
32.72018460640368,44.48033719314829,96.01356044054472,0.0
32.48763493230486,6.25093509035764,43.699588566562085,0.0
54.684294650730415,1.891127996363856,82.29838050417675,0.0
38.927013893056355,146.38106323650806,91.74858431319902,1.0
54.058460417026,21.295798464149087,93.62806214689266,0.0
92.44312394025266,6.511879928222875,40.71064891256276,0.0
71.47263499719544,124.40919972882705,16.52844901429574,0.0
101.46719606499721,13.290064451942584,82.75063198732212,0.0
56.21815131196009,19.157022545285223,95.67998154842861,0.0
69.68644796953167,107.90304335537378,20.02820178676259,0.0
63.80287983422225,90.08915000409259,47.22818041629817,0.0
48.74641805453656,2.8788415234585027,57.82983994203607,0.0
29.29515355161252,36.18021863993122,34.51922084942105,0.0
56.53854747528325,19.759316018184286,28.249606597285226,0.0
78.4100849597971,50.28120710563091,63.024721945615795,0.0
51.941550986960806,116.0209688529901,37.117242343762754,0.0
50.56636752260923,43.07069371268633,18.854060574925114,0.0
66.2572423767792,108.65082256931117,14.287596133941172,0.0
72.53130059095514,22.11787900594259,50.889055559105586,0.0
59.24206948526542,25.20213116172951,90.61110021324971,0.0
26.980128451553945,130.76753498883025,60.79052140907037,1.0
65.71600317301665,111.53908742648397,84.33261677878832,1.0
37.92029626568359,36.103906774875746,35.71211593005028,0.0
85.4160127127102,68.88598163954372,62.36487782902661,0.0
32.856848871674345,114.34277021649237,79.0509794274885,1.0
49.75506454306171,30.140053298858472,8.928952452557294,0.0
29.512247173314204,135.00346850970166,50.06242680704178,0.0
35.846610687624384,132.63096950226117,94.76880259644707,1.0
63.591954978693515,38.51648515807619,27.875987241455302,0.0
51.74094136476342,128.15776400543686,69.24928266692253,1.0
33.95445461556762,106.01658253281687,63.69023174547432,1.0
39.39484763255118,80.29651971788874,38.81657061269955,0.0
49.300230190060766,120.96054258492592,59.90445871503815,0.0
50.521821004216676,37.6449992010447,51.870099438059505,0.0
78.87529208146519,17.239949558935024,63.14189212183764,0.0
68.48054038413802,112.70626290435685,13.171502857909356,0.0
41.97559056228327,77.35191415447467,88.0156737921485,0.0
68.62560238232398,86.80131128585901,91.32869475762368,0.0
34.54349570924856,143.3285543932402,44.831905536942216,0.0
42.50358384900805,72.44533081280328,81.71281420155852,0.0
58.8852662297208,12.090227063568697,96.70352752561462,0.0
53.931095530231495,147.5282209072833,61.329168488737906,1.0
65.03866065373549,140.4908538442442,96.40174071177023,1.0
39.54279945693463,62.664146891264956,45.894051659682034,0.0
60.01834375248762,39.756964248750606,66.66004790466192,0.0
51.43132474438785,1.3997429740639944,50.69204379618346,0.0
21.849766105643575,3.628764583703287,38.05177098698945,0.0
25.10690593377166,5.2967032410358605,41.65658284822922,0.0
40.99869057041513,144.873324172983,52.129604765413895,0.0
37.09760490789751,19.73515276908897,4.373907230894735,0.0
25.77967600475087,43.92330550514471,2.916976364526447,0.0
66.58811162366979,122.66779947854177,89.40943025332507,1.0
27.788483090683425,40.96062149592186,78.6205652261058,0.0
37.46065884424465,7.793486633140262,64.85048201186882,0.0
59.838383430130115,73.05928782284039,41.36426749186353,0.0
38.462162609537025,98.4717910997254,91.95310246560497,0.0
30.50636659545357,103.42901265473417,44.40437492022029,0.0
71.07604104069806,129.50004743577378,40.758420857381694,0.0
38.890457616794905,53.669739798816266,66.64630475268358,0.0
38.7255089439205,35.19631227831803,66.63854135782064,0.0
30.03291918522418,79.10994331840145,54.42539661136977,0.0
73.76786546896167,125.556168786441,18.564670490124303,0.0
38.71842738526543,88.98323551610764,23.420337092633414,0.0
87.52341678431773,123.37208454515414,37.90940486719362,0.0
61.813096613846184,97.97441857969245,51.50056597097231,0.0
82.57231091142583,79.05621958674774,5.784444944716061,0.0
54.96441172600672,130.99843737912116,85.50302016199352,1.0
16.780781329680174,74.67187620514353,68.01118854469726,0.0
53.55402001866508,35.81943170723089,94.67337289233956,0.0
59.42936714271991,88.95665012801763,84.84253790905247,0.0
53.666840114767034,120.88881001764317,19.92152748940531,0.0
35.71297163947264,92.67708603018208,96.64173858664074,0.0
62.8168572253402,77.48589426689686,54.176096426756324,0.0
51.993027301752825,147.99451844382705,28.924477197265453,0.0
40.4165152430942,135.10527960168878,90.24533072858418,1.0
12.654696148165037,134.70458234249804,47.68434683178171,0.0
85.04540886847246,77.71181493582232,73.44439320755914,0.0
53.46361851702364,35.63161963114912,28.57835555258702,0.0
36.76427070463224,62.032365228802725,73.78695185615301,0.0
36.98714861756346,143.475209744922,79.25951162883833,1.0
43.816557530627215,79.95433008692099,74.83843496762313,0.0
53.930423394029404,47.54198816866789,39.1859373188026,0.0
39.48489956638478,104.24266333536926,51.58619027123281,0.0
51.95352197097664,148.8237022234969,60.775212225272256,1.0
59.451949648260864,84.79953818574148,41.833386410228016,0.0
43.79466486813088,48.65006296730634,74.09040561520715,0.0
49.517498257799936,110.34946713587847,46.17161438131191,0.0
58.592364382651716,15.821054993494588,40.81516908666981,0.0
55.58043051540678,120.73601652621579,67.36454174749078,1.0
50.49020348517885,31.27657715360037,13.660090365117261,0.0
40.616486957905906,75.38491146951637,59.51316749056815,0.0
79.07068154314634,60.62104824765495,72.21432354559059,0.0
31.84872675916804,14.759347457009596,71.8331175372004,0.0
34.433905491953745,39.023668644307676,37.39210470128136,0.0
59.579596514927836,108.96925726695072,81.08785810079185,1.0
47.05885236995723,52.135728635847315,70.38570916343312,0.0
60.300705344173195,3.846309870965353,57.352895145557326,0.0
73.58880241442574,26.225794089061882,53.093767841209385,0.0
62.59257683847224,86.75803755096136,77.53461504031355,0.0
63.92412729626837,77.59035846624141,10.251596406647446,0.0
72.06603764033042,9.397980518303179,28.76327290436782,0.0
15.94832791524319,98.12619022111117,63.22821536376399,0.0
87.53591625116132,0.7844420314369105,76.55467505158609,0.0
53.00787572952415,146.34153012898724,83.54802257421944,1.0
9.497148266847859,107.42260113347903,29.461939634619316,1.0
65.20829312288595,90.09765998225338,82.13883629006943,0.0
61.45165562712317,1.1496048973837991,6.656472791422285,0.0
18.321943530285534,142.57965788793052,83.61177032072487,1.0
52.58442363950455,131.49761427423007,0.1473822086311416,0.0
65.02774246743579,145.17900522675458,77.16269109786077,1.0
50.96169893322764,116.1950670956682,22.207587069332057,0.0
62.23352577681736,6.016378711872372,1.0131184027743378,0.0
82.6482260786327,117.07882728657927,5.022601146397376,0.0
41.19911026606032,123.39214777705176,40.28732826326371,0.0
23.910609989902937,124.13068433503115,36.568074826137135,0.0
27.418964575655416,64.44852191084026,1.1417983454073632,0.0
57.64819492368101,128.7265579735746,6.845871933357806,0.0
40.953873615018466,73.15006029318967,72.3443662354912,0.0
38.4836351871064,48.701389033508995,95.79341210567705,0.0
59.866358017617785,24.86618102449136,26.853375606760732,0.0
58.800289001066645,111.47897980974051,51.922457078020514,0.0
67.63279513898901,134.26766110598047,24.197713031704538,0.0
40.75449422589915,59.39557089936823,43.35827926326144,0.0
59.42831112772808,123.89673190621227,42.76013337033373,0.0
5.777293819842299,32.02670494660079,94.64565131504055,1.0
48.59668577082706,80.80526969290713,70.11395944174737,0.0
74.13017933016714,16.64842038202216,35.442494879305485,0.0
50.36867866130786,140.52336930496378,68.54438832219016,1.0
74.75632623946923,10.225846407824035,51.90322801295487,0.0
18.111446824112658,3.8717860424230475,67.75422674589532,0.0
49.34610503811814,29.19337677311476,54.448233280026294,0.0
42.13322375345279,129.6845414284005,87.63194331423115,1.0
51.63748278772645,1.134431246721318,92.63826067300867,0.0
77.64317982075055,39.04302863490045,30.779583168074566,0.0
44.948636972136796,53.01320689540772,79.45155444907486,0.0
69.37289981065778,19.631049107752474,60.1074166800233,0.0
62.6556373221257,44.63226769782309,59.113030325851646,0.0
50.368367583791034,6.4760603695517505,51.669838522626776,0.0
66.71384224130284,19.214361954930006,99.32550154229641,0.0
43.977926088214225,4.5978753308709095,41.89477901874754,0.0
21.830774072728808,42.32806120398002,87.14140341908544,1.0
61.41781021386334,87.02585538409984,85.39619669554222,0.0
34.87298509431393,5.763952344348749,4.997902865967873,0.0
49.619675841946226,5.424057078714317,20.88827240051637,0.0
56.156035377841185,52.1014989388264,73.26990505902803,0.0
22.344005380713277,12.718802406870482,59.35609353787859,0.0
28.59830467347695,5.2005400089724985,42.89443334301443,0.0
72.39149822869153,47.31103436220191,43.28160022094693,0.0
54.44267543267426,23.6932234253022,91.45486638485589,0.0
44.364307822789854,100.18799982054406,60.67317247174364,1.0
71.16848973699176,103.82420125411979,39.80052929545028,0.0
50.2518480156359,74.54452243587454,67.78132003100443,0.0
63.170885453456606,70.69307510972469,5.617607734743901,0.0
66.27019272001277,81.0017871906766,6.268962162186586,0.0
58.09963421921911,72.5318470079887,48.76278096672109,0.0
57.155747206965664,92.92355190144218,57.727902923313124,0.0
80.99868810035079,77.33940428688754,82.67073597414874,0.0
87.6231413888118,89.75362264466382,35.42713272172156,0.0
52.40591263423798,65.92675329493652,77.0158211757096,0.0
71.1424445243783,109.0753604649462,35.47712918359842,0.0
42.72775575572288,79.86310234128257,62.12924490496101,0.0
61.259384733811416,1.8162712852331175,19.010764978372762,0.0
63.639059425899276,79.94366798270029,24.682386920190226,0.0
30.889191187991486,65.6404686083088,16.574977982015593,0.0
21.962978744154384,140.08125262918574,38.798675994686946,0.0
74.92170384995258,27.671437970045904,72.70567616153902,0.0
21.850724512468894,93.53785320041396,64.4149221475916,0.0
53.82198136039807,146.5200492765989,55.33711897497719,0.0
55.79549713792826,113.25628931194174,22.085278296300892,0.0
40.31531854267497,90.24177302194968,11.099809879131485,0.0
46.286820466723654,63.25813903101831,6.644384435577488,0.0
52.934273728666454,84.066094647066,32.67425420300408,0.0
92.87888178650651,46.696154873400545,67.68212988573956,0.0
75.55353643797018,97.530163859723,29.33086107805647,0.0
38.95553911438057,15.095621778529999,44.25455148147456,0.0
20.72970103735763,11.024512099501898,16.68602016987528,0.0
59.620184634734265,67.29159464318138,22.429348328504506,0.0
111.57761616910476,118.03550793829426,54.65771420322949,0.0
31.81225090410522,18.31648710150402,3.8996012574911587,0.0
27.54555956875403,28.111791614637333,52.14490241668801,0.0
70.88321754138144,76.89821297175794,68.51343098744842,0.0
83.52874624550566,24.722222359415568,75.87762537573252,0.0
38.15212151522262,52.98771127530962,94.37015928202209,0.0
19.937140937637878,11.558741870149674,4.24222982068917,0.0
45.61798942382271,108.89698649779433,35.30503916003024,0.0
45.175278842873404,9.546136392996353,50.0112752076627,0.0
56.62526862807128,73.00034121370543,72.39730554660937,0.0
53.93722471738247,97.54885295204053,38.38388830449795,0.0
31.626961070316035,24.89323429436775,8.114917853623915,0.0
31.243499201697546,71.87728164445964,76.45277946547176,0.0
62.318712138885274,109.42623429785951,86.2640471149179,1.0
62.953770762013846,95.46453743154551,10.802575413069137,0.0
37.53718947150471,68.88977957598209,89.53460891531692,0.0
33.63558633533055,83.66751260550373,84.27119021605549,0.0
58.16505511428944,38.479509366637174,67.1479148667207,0.0
35.48512373693069,84.18341824237874,97.06765454097442,0.0
29.75791249479665,86.99756811421969,59.06378339946377,0.0
96.29317133347017,97.12120712319044,1.911609442976403,0.0
58.954171200346295,85.76585280724834,14.284196481433186,0.0
16.7695987546208,145.27331663915757,9.539927731321063,0.0
69.50239466835502,113.4244993342869,63.27118787486009,1.0
40.24787551855013,129.2054994545154,19.159294573482576,0.0
51.51609116387453,14.501467447007943,49.38140404569287,0.0
34.64404869791743,64.12345318809227,83.84918338430248,0.0
57.14225143023493,77.22260308945353,78.89851599207933,0.0
25.55744382216109,27.915212676941596,43.766132814820345,0.0
56.872365791369226,111.40597817999716,94.1725711618925,1.0
41.08994957198456,120.54053031623027,27.080632803697256,0.0
